,from,to,distance,time,st_line
0,서동탄역,병점역,3000,5,1호선
1,광명역,금천구청역,4700,7,1호선
2,신창역,온양온천역,5100,8,1호선
3,온양온천역,배방역,4900,8,1호선
4,배방역,아산역,4900,8,1호선
5,아산역,쌍용(나사렛대)역,1600,2,1호선
6,쌍용(나사렛대)역,봉명역,1600,2,1호선
7,봉명역,천안역,1300,2,1호선
8,천안역,두정역,3000,5,1호선
9,두정역,직산역,3800,6,1호선
10,직산역,성환역,5400,8,1호선
11,성환역,평택역,9400,14,1호선
12,평택역,지제역,3700,6,1호선
13,지제역,서정리역,4800,7,1호선
14,서정리역,송탄역,2200,3,1호선
15,송탄역,진위역,3800,6,1호선
16,진위역,오산역,4000,6,1호선
17,오산역,오산대역,2700,4,1호선
18,오산대역,세마역,2700,4,1호선
19,세마역,병점역,2400,4,1호선
20,병점역,세류역,4300,7,1호선
21,세류역,수원역,2900,4,1호선
22,수원역,화서역,2100,3,1호선
23,화서역,성균관대역,2600,4,1호선
24,성균관대역,의왕역,2900,4,1호선
25,의왕역,당정역,2600,4,1호선
26,당정역,군포역,1600,2,1호선
27,군포역,금정역,2200,3,1호선
28,금정역,명학역,1400,2,1호선
29,명학역,안양역,2200,3,1호선
30,안양역,관악역,2400,4,1호선
31,관악역,석수역,1900,3,1호선
32,석수역,금천구청역,2300,4,1호선
33,금천구청역,독산역,1200,2,1호선
34,독산역,가산디지털단지역,2000,3,1호선
35,가산디지털단지역,구로역,2400,4,1호선
36,인천역,동인천역,1900,3,1호선
37,동인천역,도원역,1200,2,1호선
38,도원역,제물포역,1400,2,1호선
39,제물포역,도화역,1000,2,1호선
40,도화역,주안역,1000,2,1호선
41,주안역,간석역,1200,2,1호선
42,간석역,동암역,1200,2,1호선
43,동암역,백운역,1500,2,1호선
44,백운역,부평역,1700,3,1호선
45,부평역,부개역,1500,2,1호선
46,부개역,송내역,1200,2,1호선
47,송내역,중동역,1000,2,1호선
48,중동역,부천역,1700,3,1호선
49,소사역,역곡역,1500,2,1호선
50,역곡역,온수역,1300,2,1호선
51,온수역,오류동역,1900,3,1호선
52,오류동역,개봉역,1300,2,1호선
53,개봉역,구일역,1000,2,1호선
54,구일역,구로역,1400,2,1호선
55,구로역,신도림역,1100,2,1호선
56,신도림역,영등포역,1500,2,1호선
57,영등포역,신길역,1000,2,1호선
58,신길역,대방역,800,2,1호선
59,대방역,노량진역,1500,2,1호선
60,노량진역,용산역,2600,4,1호선
61,용산역,남영역,1500,2,1호선
62,남영역,서울역,1700,3,1호선
63,서울역,시청역,1100,2,1호선
64,시청역,종각역,1000,2,1호선
65,종각역,종로3가역,800,2,1호선
66,종로3가역,종로5가역,900,2,1호선
67,종로5가역,동대문역,800,2,1호선
68,동묘앞역,신설동역,700,2,1호선
69,신설동역,제기동역,900,2,1호선
70,제기동역,청량리역,1000,2,1호선
71,청량리역,회기역,1400,2,1호선
72,회기역,외대앞역,800,2,1호선
73,외대앞역,신이문역,800,2,1호선
74,신이문역,석계역,1400,2,1호선
75,석계역,광운대역,1100,2,1호선
76,광운대역,월계역,1100,2,1호선
77,월계역,녹천역,1400,2,1호선
78,녹천역,창동역,1000,2,1호선
79,창동역,방학역,1700,3,1호선
80,방학역,도봉역,1300,2,1호선
81,도봉역,도봉산역,1200,2,1호선
82,도봉산역,망월사역,2300,4,1호선
83,망월사역,회룡역,1400,2,1호선
84,회룡역,의정부역,1600,2,1호선
85,의정부역,가능역,1200,2,1호선
86,가능역,녹양역,1300,2,1호선
87,녹양역,양주역,1600,2,1호선
88,양주역,덕계역,5300,8,1호선
89,덕계역,덕정역,2900,4,1호선
90,덕정역,지행역,5600,9,1호선
91,지행역,동두천중앙역,1000,2,1호선
92,동두천중앙역,보산역,1400,2,1호선
93,보산역,동두천역,1600,2,1호선
94,동두천역,소요산역,2500,4,1호선
0,까치산역,신정네거리역,1400,3,2호선
1,신정네거리역,양천구청역,1900,3,2호선
2,양천구청역,도림천역,1700,3,2호선
3,도림천역,신도림역,1000,2,2호선
4,신설동역,용두역,1200,2,2호선
5,용두역,신답역,900,2,2호선
6,신답역,용답역,1000,2,2호선
7,용답역,성수역,2300,4,2호선
8,시청역,충정로역,1100,2,2호선
9,충정로역,아현역,800,2,2호선
10,아현역,이대역,900,2,2호선
11,이대역,신촌역,800,2,2호선
12,신촌역,홍대입구역,1300,2,2호선
13,홍대입구역,합정역,1100,2,2호선
14,합정역,당산역,2000,3,2호선
15,영등포구청역,문래역,900,2,2호선
16,문래역,신도림역,1200,2,2호선
17,대림역,구로디지털단지역,1100,2,2호선
18,구로디지털단지역,신대방역,1100,2,2호선
19,신대방역,신림역,1800,3,2호선
20,신림역,봉천역,1100,2,2호선
21,봉천역,서울대입구역,1000,2,2호선
22,서울대입구역,낙성대역,1000,2,2호선
23,낙성대역,사당역,1700,3,2호선
24,사당역,방배역,1600,2,2호선
25,방배역,서초역,1700,3,2호선
26,서초역,교대역,700,2,2호선
27,교대역,강남역,1200,2,2호선
28,강남역,역삼역,800,2,2호선
29,역삼역,선릉역,1200,2,2호선
30,선릉역,삼성역,1300,2,2호선
31,삼성역,종합운동장역,1000,2,2호선
32,종합운동장역,잠실새내역,1200,2,2호선
33,잠실새내역,잠실역,1200,2,2호선
34,잠실역,잠실나루역,1000,2,2호선
35,잠실나루역,강변역,1800,3,2호선
36,강변역,구의역,900,2,2호선
37,구의역,건대입구역,1600,2,2호선
38,건대입구역,성수역,1200,2,2호선
39,성수역,뚝섬역,800,2,2호선
40,뚝섬역,한양대역,1100,2,2호선
41,한양대역,왕십리역,1000,2,2호선
42,왕십리역,상왕십리역,800,2,2호선
43,상왕십리역,신당역,900,2,2호선
44,신당역,동대문역사문화공원역,900,2,2호선
45,동대문역사문화공원역,을지로4가역,900,2,2호선
46,을지로4가역,을지로3가역,600,2,2호선
47,을지로3가역,을지로입구역,800,2,2호선
48,을지로입구역,시청역,700,2,2호선
0,오금역,경찰병원역,800,2,3호선
1,경찰병원역,가락시장역,800,2,3호선
2,가락시장역,수서역,5900,9,3호선
3,수서역,일원역,1800,3,3호선
4,일원역,대청역,1200,2,3호선
5,대청역,학여울역,900,2,3호선
6,학여울역,대치역,800,2,3호선
7,대치역,도곡역,800,2,3호선
8,도곡역,매봉역,800,2,3호선
9,매봉역,양재역,1200,2,3호선
10,양재역,남부터미널역,1800,3,3호선
11,남부터미널역,교대역,900,2,3호선
12,교대역,고속터미널역,1600,2,3호선
13,잠원역,신사역,900,2,3호선
14,신사역,압구정역,1500,2,3호선
15,압구정역,옥수역,2100,3,3호선
16,옥수역,금호역,800,2,3호선
17,금호역,약수역,800,2,3호선
18,약수역,동대입구역,700,2,3호선
19,동대입구역,충무로역,900,2,3호선
20,충무로역,을지로3가역,700,2,3호선
21,을지로3가역,종로3가역,600,2,3호선
22,종로3가역,안국역,1000,2,3호선
23,안국역,경복궁역,1100,2,3호선
24,경복궁역,독립문역,1600,2,3호선
25,독립문역,무악재역,1100,2,3호선
26,무악재역,홍제역,900,2,3호선
27,홍제역,녹번역,1600,2,3호선
28,녹번역,불광역,1100,2,3호선
29,불광역,연신내역,1300,2,3호선
30,연신내역,구파발역,2000,3,3호선
31,구파발역,지축역,1500,2,3호선
32,지축역,삼송역,1700,3,3호선
33,삼송역,원흥역,2000,2,3호선
34,원흥역,원당역,3000,3,3호선
35,원당역,화정역,2600,4,3호선
36,화정역,대곡역,2100,3,3호선
37,대곡역,백석역,2500,4,3호선
38,백석역,마두역,1400,2,3호선
39,마두역,정발산역,900,2,3호선
40,정발산역,주엽역,1600,2,3호선
41,주엽역,대화역,1400,2,3호선
0,오이도역,정왕역,1400,2,4호선
1,정왕역,신길온천역,2900,4,4호선
2,신길온천역,안산역,2200,3,4호선
3,안산역,초지역,1800,3,4호선
4,초지역,고잔역,1500,2,4호선
5,고잔역,중앙역,1400,2,4호선
6,중앙역,한대앞역,1600,2,4호선
7,한대앞역,상록수역,1500,2,4호선
8,상록수역,반월역,3700,6,4호선
9,반월역,대야미역,2000,3,4호선
10,대야미역,수리산역,2600,4,4호선
11,수리산역,산본역,1100,2,4호선
12,산본역,금정역,2300,4,4호선
13,금정역,범계역,2600,4,4호선
14,범계역,평촌역,1300,2,4호선
15,평촌역,인덕원역,1600,2,4호선
16,인덕원역,정부과천청사역,3000,5,4호선
17,정부과천청사역,과천역,1000,2,4호선
18,과천역,대공원역,1000,2,4호선
19,대공원역,경마공원역,900,2,4호선
20,경마공원역,선바위역,1000,2,4호선
21,선바위역,남태령역,2000,3,4호선
22,남태령역,사당역,1600,2,4호선
23,사당역,총신대입구(이수)역,1100,2,4호선
24,총신대입구(이수)역,동작역,1800,3,4호선
25,동작역,이촌역,2700,4,4호선
26,이촌역,신용산역,1300,2,4호선
27,신용산역,삼각지역,700,2,4호선
28,삼각지역,숙대입구역,1200,2,4호선
29,숙대입구역,서울역,1000,2,4호선
30,서울역,회현역,900,2,4호선
31,회현역,명동역,700,2,4호선
32,명동역,충무로역,700,2,4호선
33,충무로역,동대문역사문화공원역,1300,2,4호선
34,동대문역사문화공원역,동대문역,700,2,4호선
35,동대문역,혜화역,1500,2,4호선
36,혜화역,한성대입구역,900,2,4호선
37,한성대입구역,성신여대입구역,1000,2,4호선
38,성신여대입구역,길음역,1400,2,4호선
39,길음역,미아사거리역,1300,2,4호선
40,미아사거리역,미아역,1500,2,4호선
41,미아역,수유역,1400,2,4호선
42,수유역,쌍문역,1500,2,4호선
43,쌍문역,창동역,1300,2,4호선
44,창동역,노원역,1400,2,4호선
45,노원역,상계역,1000,2,4호선
46,상계역,당고개역,1200,2,4호선
0,마천역,거여역,900,2,5호선
1,거여역,개롱역,900,2,5호선
2,개롱역,오금역,900,2,5호선
3,오금역,방이역,900,2,5호선
4,방이역,올림픽공원역,900,2,5호선
5,올림픽공원역,둔촌동역,1400,2,5호선
6,둔촌동역,강동역,1200,2,5호선
7,상일동역,고덕역,1100,2,5호선
8,고덕역,명일역,1200,2,5호선
9,명일역,굽은다리역,700,2,5호선
10,굽은다리역,길동역,800,2,5호선
11,길동역,강동역,900,2,5호선
12,강동역,천호역,800,2,5호선
13,천호역,광나루역,2000,3,5호선
14,광나루역,아차산역,1500,2,5호선
15,아차산역,군자역,1000,2,5호선
16,군자역,장한평역,1500,2,5호선
17,장한평역,답십리역,1200,2,5호선
18,답십리역,마장역,1000,2,5호선
19,마장역,왕십리역,700,2,5호선
20,왕십리역,행당역,900,2,5호선
21,행당역,신금호역,800,2,5호선
22,신금호역,청구역,900,2,5호선
23,청구역,동대문역사문화공원역,900,2,5호선
24,동대문역사문화공원역,을지로4가역,900,2,5호선
25,을지로4가역,종로3가역,1000,2,5호선
26,종로3가역,광화문역,1200,2,5호선
27,광화문역,서대문역,1100,2,5호선
28,서대문역,충정로역,700,2,5호선
29,충정로역,애오개역,900,2,5호선
30,애오개역,공덕역,1100,2,5호선
31,공덕역,마포역,800,2,5호선
32,마포역,여의나루역,1800,3,5호선
33,여의나루역,여의도역,1000,2,5호선
34,여의도역,신길역,1000,2,5호선
35,신길역,영등포시장역,1100,2,5호선
36,영등포시장역,영등포구청역,900,2,5호선
37,영등포구청역,양평역,800,2,5호선
38,양평역,오목교역,1100,2,5호선
39,오목교역,목동역,900,2,5호선
40,목동역,신정역,800,2,5호선
41,신정역,까치산역,1300,2,5호선
42,까치산역,화곡역,1200,2,5호선
43,화곡역,우장산역,1000,2,5호선
44,우장산역,발산역,1100,2,5호선
45,발산역,마곡역,1200,2,5호선
46,마곡역,송정역,1100,2,5호선
47,송정역,김포공항역,1200,2,5호선
48,김포공항역,개화산역,1200,2,5호선
49,개화산역,방화역,900,2,5호선
0,봉화산역,화랑대역,700,2,6호선
1,화랑대역,태릉입구역,900,2,6호선
2,태릉입구역,석계역,800,2,6호선
3,석계역,돌곶이역,1000,2,6호선
4,돌곶이역,상월곡역,800,2,6호선
5,상월곡역,월곡역,800,2,6호선
6,월곡역,고려대역,1400,2,6호선
7,고려대역,안암역,800,2,6호선
8,안암역,보문역,900,2,6호선
9,보문역,창신역,800,2,6호선
10,창신역,동묘앞역,900,2,6호선
11,동묘앞역,신당역,600,2,6호선
12,신당역,청구역,700,2,6호선
13,청구역,약수역,800,2,6호선
14,약수역,버티고개역,700,2,6호선
15,버티고개역,한강진역,1000,2,6호선
16,한강진역,이태원역,1000,2,6호선
17,이태원역,녹사평역,800,2,6호선
18,녹사평역,삼각지역,1100,2,6호선
19,삼각지역,효창공원앞역,1200,2,6호선
20,효창공원앞역,공덕역,900,2,6호선
21,공덕역,대흥역,900,2,6호선
22,대흥역,광흥창역,1000,2,6호선
23,광흥창역,상수역,900,2,6호선
24,상수역,합정역,800,2,6호선
25,합정역,망원역,800,2,6호선
26,망원역,마포구청역,1000,2,6호선
27,마포구청역,월드컵경기장역,800,2,6호선
28,월드컵경기장역,디지털미디어시티역,800,2,6호선
29,디지털미디어시티역,증산역,1100,2,6호선
30,증산역,새절역,900,2,6호선
31,새절역,응암역,900,2,6호선
32,응암역,역촌역,1100,2,6호선
33,역촌역,불광역,800,2,6호선
34,불광역,독바위역,900,2,6호선
35,독바위역,연신내역,1400,2,6호선
36,연신내역,구산역,900,2,6호선
37,구산역,응암역,900,2,6호선
0,부평구청역,굴포천역,950,2,7호선
1,굴포천역,삼산체육관역,900,2,7호선
2,삼산체육관역,상동역,1300,2,7호선
3,상동역,부천시청역,1100,2,7호선
4,부천시청역,신중동역,1100,2,7호선
5,신중동역,춘의역,910,2,7호선
6,춘의역,부천종합운동장역,1000,2,7호선
7,부천종합운동장역,까치울역,1300,2,7호선
8,온수역,천왕역,1500,2,7호선
9,천왕역,광명사거리역,1700,3,7호선
10,광명사거리역,철산역,1300,2,7호선
11,철산역,가산디지털단지역,1400,2,7호선
12,남구로역,대림역,1100,2,7호선
13,대림역,신풍역,1400,2,7호선
14,신풍역,보라매역,900,2,7호선
15,보라매역,신대방삼거리역,800,2,7호선
16,신대방삼거리역,장승배기역,1200,2,7호선
17,장승배기역,상도역,900,2,7호선
18,상도역,숭실대입구역,900,2,7호선
19,숭실대입구역,남성역,2000,3,7호선
20,남성역,총신대입구(이수)역,1000,2,7호선
21,내방역,고속터미널역,2200,3,7호선
22,고속터미널역,반포역,900,2,7호선
23,반포역,논현역,900,2,7호선
24,논현역,학동역,1000,2,7호선
25,학동역,강남구청역,900,2,7호선
26,강남구청역,청담역,1100,2,7호선
27,청담역,뚝섬유원지역,2000,3,7호선
28,뚝섬유원지역,건대입구역,1000,2,7호선
29,건대입구역,어린이대공원역,800,2,7호선
30,어린이대공원역,군자역,1100,2,7호선
31,군자역,중곡역,1100,2,7호선
32,중곡역,용마산역,900,2,7호선
33,용마산역,사가정역,800,2,7호선
34,사가정역,면목역,900,2,7호선
35,면목역,상봉역,800,2,7호선
36,상봉역,중화역,1000,2,7호선
37,중화역,먹골역,900,2,7호선
38,먹골역,태릉입구역,900,2,7호선
39,태릉입구역,공릉역,800,2,7호선
40,공릉역,하계역,1300,2,7호선
41,하계역,중계역,1000,2,7호선
42,중계역,노원역,1100,2,7호선
43,노원역,마들역,1200,2,7호선
44,마들역,수락산역,1400,2,7호선
45,수락산역,도봉산역,1600,2,7호선
46,도봉산역,장암역,1400,2,7호선
0,모란역,수진역,1000,3,8호선
1,수진역,신흥역,900,2,8호선
2,신흥역,단대오거리역,800,2,8호선
3,단대오거리역,남한산성입구역,800,2,8호선
4,남한산성입구역,산성역,1300,3,8호선
5,산성역,복정역,2700,3,8호선
6,복정역,장지역,900,2,8호선
7,장지역,문정역,900,2,8호선
8,문정역,가락시장역,900,2,8호선
9,가락시장역,송파역,800,2,8호선
10,송파역,석촌역,900,2,8호선
11,석촌역,잠실역,1200,2,8호선
12,잠실역,몽촌토성역,800,2,8호선
13,몽촌토성역,강동구청역,1600,2,8호선
14,강동구청역,천호역,900,2,8호선
15,천호역,암사역,1300,2,8호선
0,종합운동장역,봉은사역,1600,3,9호선
1,봉은사역,삼성중앙역,660,2,9호선
2,삼성중앙역,선정릉역,896,2,9호선
3,선정릉역,언주역,895,2,9호선
4,언주역,신논현역,793,2,9호선
5,신논현역,사평역,900,2,9호선
6,사평역,고속터미널역,1100,2,9호선
7,고속터미널역,신반포역,800,2,9호선
8,신반포역,구반포역,700,2,9호선
9,구반포역,동작역,1000,2,9호선
10,동작역,흑석역,1400,2,9호선
11,흑석역,노들역,1100,2,9호선
12,노들역,노량진역,1100,2,9호선
13,노량진역,샛강역,1200,2,9호선
14,샛강역,여의도역,800,2,9호선
15,여의도역,국회의사당역,900,2,9호선
16,국회의사당역,당산역,1500,2,9호선
17,당산역,선유도역,1000,2,9호선
18,선유도역,신목동역,1200,2,9호선
19,신목동역,염창역,900,2,9호선
20,염창역,등촌역,900,2,9호선
21,등촌역,증미역,1000,2,9호선
22,증미역,가양역,700,2,9호선
23,가양역,양천향교역,1300,2,9호선
24,양천향교역,마곡나루역,1400,2,9호선
25,마곡나루역,신방화역,900,2,9호선
26,신방화역,공항시장역,800,2,9호선
27,공항시장역,김포공항역,800,2,9호선
28,김포공항역,개화역,3600,6,9호선
0,서울역,공덕역,3500,4,A호선
1,공덕역,홍대입구역,3000,3,A호선
2,홍대입구역,디지털미디어시티역,3500,3,A호선
3,디지털미디어시티역,김포공항역,10900,10,A호선
4,계양역,검암역,5500,5,A호선
5,검암역,청라국제도시역,5000,4,A호선
6,청라국제도시역,영종역,10000,8,A호선
7,영종역,운서역,5000,4,A호선
8,운서역,공항화물청사역,4300,4,A호선
9,공항화물청사역,인천공항1터미널역,3700,4,A호선
10,인천공항1터미널역,인천공항2터미널역,5830,6,A호선
0,서울역,신촌(경의중앙선)역,4690,7,K호선
1,신촌(경의중앙선)역,가좌역,2680,4,K호선
2,지평역,용문역,3900,7,K호선
3,용문역,원덕역,4570,5,K호선
4,원덕역,양평(경의중앙선)역,5880,5,K호선
5,양평(경의중앙선)역,오빈역,2230,3,K호선
6,오빈역,아신역,2860,4,K호선
7,아신역,국수역,4000,5,K호선
8,국수역,신원역,3000,4,K호선
9,신원역,양수역,4750,4,K호선
10,양수역,운길산역,2060,2,K호선
11,운길산역,팔당역,6400,5,K호선
12,팔당역,도심역,4280,5,K호선
13,도심역,덕소역,1580,2,K호선
14,덕소역,양정역,2160,3,K호선
15,양정역,도농역,3700,4,K호선
16,도농역,구리역,1700,3,K호선
17,구리역,양원역,3200,4,K호선
18,양원역,망우역,1700,3,K호선
19,망우역,상봉역,600,2,K호선
20,상봉역,중랑역,900,2,K호선
21,중랑역,회기역,1800,3,K호선
22,회기역,청량리역,1400,4,K호선
23,청량리역,왕십리역,2400,5,K호선
24,왕십리역,응봉역,1500,2,K호선
25,응봉역,옥수역,1800,3,K호선
26,옥수역,한남역,1600,2,K호선
27,한남역,서빙고역,2300,3,K호선
28,서빙고역,이촌역,1700,3,K호선
29,이촌역,용산역,2000,4,K호선
30,용산역,효창공원앞역,2600,3,K호선
31,효창공원앞역,공덕역,1000,2,K호선
32,공덕역,서강대역,2010,3,K호선
33,서강대역,홍대입구역,1340,2,K호선
34,홍대입구역,가좌역,2010,3,K호선
35,가좌역,디지털미디어시티역,1340,2,K호선
36,디지털미디어시티역,수색역,1340,2,K호선
37,수색역,화전역,2680,4,K호선
38,화전역,강매역,2500,3,K호선
39,강매역,행신역,1400,2,K호선
40,행신역,능곡역,2010,3,K호선
41,능곡역,대곡역,2010,3,K호선
42,대곡역,곡산역,1340,2,K호선
43,곡산역,백마역,2010,3,K호선
44,백마역,풍산역,2010,3,K호선
45,풍산역,일산역,2010,3,K호선
46,일산역,탄현역,2010,3,K호선
47,탄현역,야당역,2100,3,K호선
48,야당역,운정역,1500,2,K호선
49,운정역,금릉역,2680,4,K호선
50,금릉역,금촌역,2010,3,K호선
51,금촌역,월롱역,2680,4,K호선
52,월롱역,파주역,2010,3,K호선
53,파주역,문산역,3350,5,K호선
0,춘천역,남춘천역,1020,3,G호선
1,남춘천역,김유정역,1700,5,G호선
2,김유정역,강촌역,2040,6,G호선
3,강촌역,백양리역,1700,5,G호선
4,백양리역,굴봉산역,1360,4,G호선
5,굴봉산역,가평역,2040,6,G호선
6,가평역,상천역,1360,4,G호선
7,상천역,청평역,2040,6,G호선
8,청평역,대성리역,2040,6,G호선
9,대성리역,마석역,1700,5,G호선
10,마석역,천마산역,2200,2,G호선
11,천마산역,평내호평역,4300,3,G호선
12,평내호평역,금곡역,1360,4,G호선
13,금곡역,사릉역,1020,3,G호선
14,사릉역,퇴계원역,1020,3,G호선
15,퇴계원역,별내역,680,2,G호선
16,별내역,갈매역,680,2,G호선
17,갈매역,신내역,2600,5,G호선
18,신내역,망우역,2000,5,G호선
19,망우역,상봉역,680,2,G호선
20,상봉역,중랑역,1000,2,G호선
21,중랑역,회기역,1900,3,G호선
22,회기역,청량리역,1400,3,G호선
0,수원역,매교역,1400,2,B호선
1,매교역,수원시청역,1400,2,B호선
2,수원시청역,매탄권선역,1500,2,B호선
3,매탄권선역,망포역,1800,3,B호선
4,망포역,영통역,1200,2,B호선
5,영통역,청명역,1200,2,B호선
6,청명역,상갈역,1800,3,B호선
7,상갈역,기흥역,1800,3,B호선
8,기흥역,신갈역,1400,3,B호선
9,신갈역,구성역,1600,3,B호선
10,구성역,보정역,1600,3,B호선
11,보정역,죽전역,800,2,B호선
12,죽전역,오리역,1800,3,B호선
13,오리역,미금역,1100,2,B호선
14,미금역,정자역,1800,3,B호선
15,정자역,수내역,1600,2,B호선
16,수내역,서현역,1100,2,B호선
17,서현역,이매역,1400,2,B호선
18,이매역,야탑역,1700,3,B호선
19,야탑역,모란역,2300,4,B호선
20,모란역,태평역,900,2,B호선
21,태평역,가천대역,1000,2,B호선
22,가천대역,복정역,2400,4,B호선
23,복정역,수서역,3200,5,B호선
24,수서역,대모산입구역,3000,5,B호선
25,대모산입구역,개포동역,600,2,B호선
26,개포동역,구룡역,700,2,B호선
27,구룡역,도곡역,600,2,B호선
28,도곡역,한티역,700,2,B호선
29,한티역,선릉역,1000,2,B호선
30,선릉역,선정릉역,1200,2,B호선
31,선정릉역,강남구청역,1200,2,B호선
32,강남구청역,압구정로데오역,1200,2,B호선
33,압구정로데오역,서울숲역,1200,2,B호선
34,서울숲역,왕십리역,1800,3,B호선
0,광교역,광교중앙역,2240,3,S호선
1,광교중앙역,상현역,2400,3,S호선
2,상현역,성복역,2100,3,S호선
3,성복역,수지구청역,1700,3,S호선
4,수지구청역,동천역,2100,3,S호선
5,동천역,미금역,1800,3,S호선
6,미금역,정자역,1800,3,S호선
7,정자역,판교역,3300,4,S호선
8,판교역,청계산입구역,8500,7,S호선
9,청계산입구역,양재시민의숲역,3000,3,S호선
10,양재시민의숲역,양재역,2000,3,S호선
11,양재역,강남역,1600,2,S호선
0,달월역,월곶역,3900,3,SU호선
1,월곶역,소래포구역,2600,2,SU호선
2,소래포구역,인천논현역,2600,2,SU호선
3,인천논현역,호구포역,2600,2,SU호선
4,호구포역,남동인더스파크역,2600,2,SU호선
5,남동인더스파크역,원인재역,2600,2,SU호선
6,원인재역,연수역,2600,2,SU호선
7,연수역,송도역,3900,3,SU호선
8,송도역,인하대역,2300,3,SU호선
9,인하대역,숭의역,1700,3,SU호선
10,숭의역,신포역,1500,3,SU호선
11,신포역,인천역,1300,2,SU호선
0,판교역,이매역,1400,2,KK호선
1,이매역,삼동역,7340,6,KK호선
2,삼동역,경기광주역,5010,5,KK호선
3,경기광주역,초월역,5120,4,KK호선
4,초월역,곤지암역,-1,5,KK호선
5,곤지암역,신둔도예촌역,5020,5,KK호선
6,신둔도예촌역,이천역,7460,6,KK호선
7,이천역,부발역,4640,4,KK호선
8,부발역,세종대왕릉역,7530,7,KK호선
9,세종대왕릉역,여주역,5520,5,KK호선
0,국제업무지구역,센트럴파크역,920,2,I호선
1,센트럴파크역,인천대입구역,1020,2,I호선
2,인천대입구역,지식정보단지역,1220,2,I호선
3,지식정보단지역,테크노파크역,1590,3,I호선
4,테크노파크역,캠퍼스타운역,950,1,I호선
5,캠퍼스타운역,동막역,1600,3,I호선
6,동막역,동춘역,1000,2,I호선
7,동춘역,원인재역,1100,2,I호선
8,원인재역,신연수역,900,2,I호선
9,신연수역,선학역,1100,2,I호선
10,선학역,문학경기장역,800,1,I호선
11,문학경기장역,인천터미널역,800,2,I호선
12,인천터미널역,예술회관역,800,2,I호선
13,예술회관역,인천시청역,1000,2,I호선
14,인천시청역,간석오거리역,1400,3,I호선
15,간석오거리역,부평삼거리역,1200,2,I호선
16,부평삼거리역,동수역,1100,2,I호선
17,동수역,부평역,1100,2,I호선
18,부평역,부평시장역,1100,2,I호선
19,부평시장역,부평구청역,1300,2,I호선
20,부평구청역,갈산역,1200,2,I호선
21,갈산역,작전역,1400,2,I호선
22,작전역,경인교대입구역,900,2,I호선
23,경인교대입구역,계산역,900,2,I호선
24,계산역,임학역,1100,2,I호선
25,임학역,박촌역,1100,2,I호선
26,박촌역,귤현역,1500,3,I호선
27,귤현역,계양역,940,3,I호선
0,검단오류역,왕길역,1400,2,I2호선
1,왕길역,검단사거리역,1500,2,I2호선
2,검단사거리역,마전역,1100,2,I2호선
3,마전역,완정역,800,2,I2호선
4,완정역,독정역,900,1,I2호선
5,독정역,검암역,2000,3,I2호선
6,검암역,검바위역,1100,1,I2호선
7,검바위역,아시아드경기장역,1100,2,I2호선
8,아시아드경기장역,서구청역,800,1,I2호선
9,서구청역,가정역,2100,3,I2호선
10,가정역,가정중앙시장역,900,2,I2호선
11,가정중앙시장역,석남역,1100,2,I2호선
12,석남역,서부여성회관역,800,2,I2호선
13,서부여성회관역,인천가좌역,1200,1,I2호선
14,인천가좌역,가재울역,1100,3,I2호선
15,가재울역,주안국가산단역,1400,2,I2호선
16,주안국가산단역,주안역,1100,2,I2호선
17,주안역,시민공원역,1100,3,I2호선
18,시민공원역,석바위시장역,1000,1,I2호선
19,석바위시장역,인천시청역,1000,2,I2호선
20,인천시청역,석천사거리역,1000,2,I2호선
21,석천사거리역,모래내시장역,800,1,I2호선
22,모래내시장역,만수역,1100,2,I2호선
23,만수역,남동구청역,1200,2,I2호선
24,남동구청역,인천대공원역,1500,2,I2호선
25,인천대공원역,운연역,1300,2,I2호선
0,발곡역,회룡역,800,1,U호선
1,회룡역,범골역,700,1,U호선
2,범골역,경전철의정부역,900,1,U호선
3,경전철의정부역,의정부시청역,900,1,U호선
4,의정부시청역,흥선역,600,1,U호선
5,흥선역,의정부중앙역,1100,2,U호선
6,의정부중앙역,동오역,700,1,U호선
7,동오역,새말역,800,1,U호선
8,새말역,경기도청북부청사역,700,1,U호선
9,경기도청북부청사역,효자역,600,1,U호선
10,효자역,곤제역,800,1,U호선
11,곤제역,어룡역,900,2,U호선
12,어룡역,송산역,600,1,U호선
13,송산역,탑석역,500,1,U호선
0,기흥역,강남대역,1000,1,E호선
1,강남대역,지석역,1100,2,E호선
2,지석역,어정역,900,1,E호선
3,어정역,동백역,1200,2,E호선
4,동백역,초당역,1100,4,E호선
5,초당역,삼가역,2600,2,E호선
6,삼가역,시청·용인대역,1000,2,E호선
7,시청·용인대역,명지대역,1000,2,E호선
8,명지대역,김량장역,800,1,E호선
9,김량장역,운동장·송담대역,1000,3,E호선
10,운동장·송담대역,고진역,1900,1,E호선
11,고진역,보평역,1800,2,E호선
12,보평역,둔전역,1000,2,E호선
13,둔전역,전대·에버랜드역,2600,5,E호선
0,북한산우이역,솔밭공원역,800,1,UI호선
1,솔밭공원역,4·19민주묘지역,700,2,UI호선
2,4·19민주묘지역,가오리역,900,1,UI호선
3,가오리역,화계역,800,1,UI호선
4,화계역,삼양역,800,2,UI호선
5,삼양역,삼양사거리역,700,2,UI호선
6,삼양사거리역,솔샘역,1400,2,UI호선
7,솔샘역,북한산보국문역,1200,2,UI호선
8,북한산보국문역,정릉역,1250,2,UI호선
9,정릉역,성신여대입구역,1300,2,UI호선
10,성신여대입구역,보문역,1100,3,UI호선
11,보문역,신설동역,1300,2,UI호선
0,소사역,소새울역,1700,3,W호선
1,소새울역,시흥대야역,2200,2,W호선
2,시흥대야역,신천역,1300,3,W호선
3,신천역,신현역,3400,4,W호선
4,신현역,시흥시청역,3600,4,W호선
5,시흥시청역,시흥능곡역,1300,3,W호선
6,시흥능곡역,달미역,2400,3,W호선
7,달미역,선부역,1600,2,W호선
8,선부역,초지역,2000,3,W호선
9,초지역,원곡역,1700,3,W호선
10,원곡역,원시역,1500,2,W호선
0,인천공항1터미널역,장기주차장역,500,1,M호선
1,장기주차장역,합동청사역,500,1,M호선
2,합동청사역,파라다이스시티역,400,1,M호선
3,파라다이스시티역,워터파크역,3100,4,M호선
4,워터파크역,용유역,1200,3,M호선
